title,poster,resolution,download,watch
Mini skirt gakuen 01 vostfr.mkv,https://asset.seekstreaming.info/981TmsM-0Ib553l-a1DC6A/js/wybszwqs/9w1nb9/poster.png,720x480,https://le-malicieux.embedseek.com/#bi8rf&dl=1,https://le-malicieux.embedseek.com/#bi8rf
Iyashite Agerun Saiyuuki 01 vostfr.mkv,https://asset.seekstreaming.info/bhqoyWEY7-bZnXsMSMzMbQ/js/wybszwqs/mj8stz/poster.png,1920x1080,https://le-malicieux.embedseek.com/#65xq1&dl=1,https://le-malicieux.embedseek.com/#65xq1
Doll Saaya 01 vostfr.mkv,https://asset.seekstreaming.info/rdUAo_tgZ2qy63YOZ3z1uA/kdv/wybszwqs/5slfue/poster.png,720x480,https://le-malicieux.embedseek.com/#jhlxy&dl=1,https://le-malicieux.embedseek.com/#jhlxy
Bondage Game ~Shinsou no Reijou-tachi~ Special 01 vostfr.mkv,https://asset.seekstreaming.info/88O2lAvJF3QMGP1rm0hm7g/kdv/wybszwqs/mj8std/poster.png,638x480,https://le-malicieux.embedseek.com/#hq1wb&dl=1,https://le-malicieux.embedseek.com/#hq1wb
Ai doll 03 vostfr.mkv,https://asset.seekstreaming.info/46GNt-u5HvZpnKyHDbJN6g/js/wybszwqs/nxgtea/poster.png,960x720,https://le-malicieux.embedseek.com/#oc581&dl=1,https://le-malicieux.embedseek.com/#oc581
Saishuu Chikan Densha 01 vostfr (1-3).mkv,https://asset.seekstreaming.info/SZUfNouuG69_6HpMlTU4Hg/rqz/wybszwqs/xnqh36/poster.png,704x478,https://le-malicieux.embedseek.com/#3zvmt&dl=1,https://le-malicieux.embedseek.com/#3zvmt
Taimanin Asagi bonus 01 VOSTFR.mkv,https://asset.seekstreaming.info/0iJQ5IcFHGLvKuTie-MxMQ/61/wybszwqs/lazrfo/poster.png,720x480,https://le-malicieux.embedseek.com/#5ywol&dl=1,https://le-malicieux.embedseek.com/#5ywol
Shin Bible Black Recap 01 vostfr.mkv,https://asset.seekstreaming.info/GYzbyPfR5VjJVcLaXeT2Pw/36/wybszwqs/ict95v/poster.png,1440x1080,https://le-malicieux.embedseek.com/#v6t3w&dl=1,https://le-malicieux.embedseek.com/#v6t3w
Oyako Rankan The Animation 01 vostfr.mkv,https://asset.seekstreaming.info/pUgMTvt12JPitYfc0qdvQw/36/wybszwqs/htvuvl/poster.png,1920x1080,https://le-malicieux.embedseek.com/#gsi89&dl=1,https://le-malicieux.embedseek.com/#gsi89
Oppai Gakuen Marching Band-Bu! - 01 vostfr [hstream.moe].mkv,https://asset.seekstreaming.info/wWvhbHlJthMDKUiGCiknaA/36/wybszwqs/mj8sq5/poster.png,1920x1080,https://le-malicieux.embedseek.com/#9ldfi&dl=1,https://le-malicieux.embedseek.com/#9ldfi
Newmanoid Cam Cam Castin 01 vostfr.mkv,https://asset.seekstreaming.info/GnPrcNsejWnlV0XTXE6HbA/9a/wybszwqs/nxgtm3/poster.png,1920x1080,https://le-malicieux.embedseek.com/#5ywo1&dl=1,https://le-malicieux.embedseek.com/#5ywo1
Mou_hasamazu_ni_wa_irarenai bonus 01 vostfr.mkv,https://asset.seekstreaming.info/vkhfuBctsEElcnxfqSspcw/9a/wybszwqs/xnqhny/poster.png,1920x1080,https://le-malicieux.embedseek.com/#sdfnq&dl=1,https://le-malicieux.embedseek.com/#sdfnq
Yakin_byoutou_ni_05fr.mkv,https://asset.seekstreaming.info/CykxNezberzJv733s_WxKg/9a/wybszwqs/kzfjz6/poster.png,692x570,https://le-malicieux.embedseek.com/#8ngbe&dl=1,https://le-malicieux.embedseek.com/#8ngbe
Yakin_byoutou_ni_04fr.mkv,https://asset.seekstreaming.info/UOHagT3h45e2nkdF38DTWQ/luy/wybszwqs/htvuta/poster.png,692x570,https://le-malicieux.embedseek.com/#et3k3&dl=1,https://le-malicieux.embedseek.com/#et3k3
Yakin_byoutou_ni_03fr.mkv,https://asset.seekstreaming.info/zgksZHjFAjHXSXHmzAkmTg/vz/wybszwqs/86ea6y/poster.png,692x570,https://le-malicieux.embedseek.com/#kvepb&dl=1,https://le-malicieux.embedseek.com/#kvepb
Yakin_byoutou_ni_02fr.mkv,https://asset.seekstreaming.info/xr3yoyJlRJegHcOqJ0x0Ug/luy/wybszwqs/nxgtxc/poster.png,692x570,https://le-malicieux.embedseek.com/#kvep6&dl=1,https://le-malicieux.embedseek.com/#kvep6
Yakin_byoutou_ni_01fr.mkv,https://asset.seekstreaming.info/lvUL2kfHSxPVl8RF_QAOxw/is3/wybszwqs/9w1nai/poster.png,692x570,https://le-malicieux.embedseek.com/#ifng6&dl=1,https://le-malicieux.embedseek.com/#ifng6
Yakin_byoutou_ni_-_Art_gallery_03.mkv,https://asset.seekstreaming.info/pvaI9_QYftGmIjF0bm77lA/luy/wybszwqs/brjedk/poster.png,720x576,https://le-malicieux.embedseek.com/#jhld1&dl=1,https://le-malicieux.embedseek.com/#jhld1
Yakin_byoutou_ni_-_Art_gallery_02.mkv,https://asset.seekstreaming.info/v1dpVp7s8Zo-NFLJug7WPA/luy/wybszwqs/86eagf/poster.png,720x576,https://le-malicieux.embedseek.com/#hq1m6&dl=1,https://le-malicieux.embedseek.com/#hq1m6
Yakin_byoutou_ni_-_Art_gallery_01.mkv,https://asset.seekstreaming.info/Z_40v9zMVP-JXsHgcjfoCQ/luy/wybszwqs/xnqhrl/poster.png,720x576,https://le-malicieux.embedseek.com/#oc5xv&dl=1,https://le-malicieux.embedseek.com/#oc5xv
Yariman Fudousan 02 vostfr.mkv,https://asset.seekstreaming.info/oBgLlidJGUxCBReaeeTWgA/is3/wybszwqs/5slfhb/poster.png,1920x1080,https://le-malicieux.embedseek.com/#n9siz&dl=1,https://le-malicieux.embedseek.com/#n9siz
Yariman Fudousan 01 vostfr.mkv,https://asset.seekstreaming.info/8KxEzhYK5TFScsd0Q5ttGA/ho/wybszwqs/qgivm5/poster.png,1920x1080,https://le-malicieux.embedseek.com/#hq1ma&dl=1,https://le-malicieux.embedseek.com/#hq1ma
Yakin_byoutou_san_03fr.mkv,https://asset.seekstreaming.info/6Y9YG6_-v37UOHJgM4ojzw/ho/wybszwqs/nxgtb8/poster.png,708x480,https://le-malicieux.embedseek.com/#3zves&dl=1,https://le-malicieux.embedseek.com/#3zves
Yakin_byoutou_san_02fr.mkv,https://asset.seekstreaming.info/HkxNTLWNoTl3_zhSJ9EpLQ/ho/wybszwqs/htvuce/poster.png,708x480,https://le-malicieux.embedseek.com/#ifnoi&dl=1,https://le-malicieux.embedseek.com/#ifnoi
Yakin_byoutou_san_01fr.mkv,https://asset.seekstreaming.info/CasSuciMsgVyXFGchK5bDg/kdv/wybszwqs/ofb8z9/poster.png,708x480,https://le-malicieux.embedseek.com/#5ywjk&dl=1,https://le-malicieux.embedseek.com/#5ywjk
Yakin Byoutou Kranke - 03fr.mkv,https://asset.seekstreaming.info/lkjPxF5Gg8hxGUV_4fl7yw/is3/wybszwqs/ict9q8/poster.png,710x480,https://le-malicieux.embedseek.com/#v6tim&dl=1,https://le-malicieux.embedseek.com/#v6tim
Yakin Byoutou Kranke - 02fr.mkv,https://asset.seekstreaming.info/wS773SWd8jaYRa5-HvMBtw/8q/wybszwqs/mj8srs/poster.png,710x480,https://le-malicieux.embedseek.com/#a8qvi&dl=1,https://le-malicieux.embedseek.com/#a8qvi
Yakin Byoutou Kranke - 01fr.mkv,https://asset.seekstreaming.info/NtuAaQ6kTw2SpXDbfrSxfg/6hf/wybszwqs/thp16s/poster.png,710x480,https://le-malicieux.embedseek.com/#9ldy5&dl=1,https://le-malicieux.embedseek.com/#9ldy5
Yakin Byoutou 10.5fr.mkv,https://asset.seekstreaming.info/JNRve3mMVNbWADpbSikaEg/x6b/wybszwqs/vp9yei/poster.png,720x540,https://le-malicieux.embedseek.com/#ukr18&dl=1,https://le-malicieux.embedseek.com/#ukr18
Yakin Byoutou 10.0fr.mkv,https://asset.seekstreaming.info/J5ec9PzLnomLM0rAJ0fWeA/kdv/wybszwqs/xnqhos/poster.png,720x540,https://le-malicieux.embedseek.com/#5ywjv&dl=1,https://le-malicieux.embedseek.com/#5ywjv
Yakin Byoutou 09.0fr.mkv,https://asset.seekstreaming.info/ZbUrvxL8Cu3RMZWCNJB6qA/kdv/wybszwqs/cihwx8/poster.png,720x540,https://le-malicieux.embedseek.com/#8ng6g&dl=1,https://le-malicieux.embedseek.com/#8ng6g
Yakin Byoutou 08.0fr.mkv,https://asset.seekstreaming.info/fLLMR-IAnNL8a0HfkDMwjg/k5/wybszwqs/9w1ntm/poster.png,720x540,https://le-malicieux.embedseek.com/#crymw&dl=1,https://le-malicieux.embedseek.com/#crymw
Yakin Byoutou 07.0fr.mkv,https://asset.seekstreaming.info/YASkeSf4qVnn6jFBAv8i_g/kdv/wybszwqs/rbm3zg/poster.png,720x540,https://le-malicieux.embedseek.com/#wucll&dl=1,https://le-malicieux.embedseek.com/#wucll
Yakin Byoutou 06.0fr.mkv,https://asset.seekstreaming.info/lpOIhSRtXScSqIEl7LKD5A/kdv/wybszwqs/gqcpdu/poster.png,720x540,https://le-malicieux.embedseek.com/#kveb6&dl=1,https://le-malicieux.embedseek.com/#kveb6
Yakin Byoutou 05.5fr.mkv,https://asset.seekstreaming.info/9GLKlggkHrTLpuCR3IMZ6Q/9a/wybszwqs/xnqhuh/poster.png,720x540,https://le-malicieux.embedseek.com/#bi8z1&dl=1,https://le-malicieux.embedseek.com/#bi8z1
Yakin Byoutou 05.0fr.mkv,https://asset.seekstreaming.info/efRsjII9W8PWp8E-L9zaRQ/ty/wybszwqs/9w1n3x/poster.png,720x540,https://le-malicieux.embedseek.com/#65xfn&dl=1,https://le-malicieux.embedseek.com/#65xfn
Yakin Byoutou 04.0fr.mkv,https://asset.seekstreaming.info/zc0F4rg2rFEQv6VgCOeBQg/ic/wybszwqs/htvujc/poster.png,720x540,https://le-malicieux.embedseek.com/#ifno9&dl=1,https://le-malicieux.embedseek.com/#ifno9
Yakin Byoutou 03.0fr.mkv,https://asset.seekstreaming.info/R_FFxBv45CffMzM5PsszRQ/9a/wybszwqs/u1yq5d/poster.png,720x540,https://le-malicieux.embedseek.com/#oc5dn&dl=1,https://le-malicieux.embedseek.com/#oc5dn
Yakin Byoutou 02.0fr.mkv,https://asset.seekstreaming.info/0YYKllR7lcLpsH4-Nf2wZg/ic/wybszwqs/ofb85h/poster.png,720x540,https://le-malicieux.embedseek.com/#n9s5f&dl=1,https://le-malicieux.embedseek.com/#n9s5f
Yakin Byoutou 01.0fr.mkv,https://asset.seekstreaming.info/SivxaWJO_74l5lWFGzO0uQ/9a/wybszwqs/ict9dw/poster.png,720x540,https://le-malicieux.embedseek.com/#1bai1&dl=1,https://le-malicieux.embedseek.com/#1bai1
(From Episodes 1-3) Yakin Byoutou - Deleted Scenes 01 vostfr.mkv,https://asset.seekstreaming.info/1Jr87eVk7DioTKGCrZzT6A/kdv/wybszwqs/ict9dr/poster.png,576x432,https://le-malicieux.embedseek.com/#ifnj5&dl=1,https://le-malicieux.embedseek.com/#ifnj5
(Cen) Yakin Byoutou Special 10.5 fr.mkv,https://asset.seekstreaming.info/0noCy0qbmPD3iyXq35IVgA/kdv/wybszwqs/brjelh/poster.png,640x476,https://le-malicieux.embedseek.com/#8ng9d&dl=1,https://le-malicieux.embedseek.com/#8ng9d
Sailor Fuku Shinryou Tsumaka - 02 vostfr [hstream.moe].mkv,https://asset.seekstreaming.info/jWWDa30f91hgZBuKjm0vLQ/k5/wybszwqs/pvwddc/poster.png,1920x1280,https://le-malicieux.embedseek.com/#kve6u&dl=1,https://le-malicieux.embedseek.com/#kve6u
Sailor Fuku Shinryou Tsumaka - 01 vostfr [hstream.moe].mkv,https://asset.seekstreaming.info/SQm1StxFq7NqeIdYXSq9-g/k5/wybszwqs/ict99k/poster.png,1920x1080,https://le-malicieux.embedseek.com/#bi8fv&dl=1,https://le-malicieux.embedseek.com/#bi8fv
Sisters ~Natsu no Saigo no Hi~ 09 vostfr.mkv,https://asset.seekstreaming.info/ODZOmYNT5BM_4TfUcRT0BA/k5/wybszwqs/jm65tp/poster.png,800x600,https://le-malicieux.embedseek.com/#ifnju&dl=1,https://le-malicieux.embedseek.com/#ifnju
Sisters ~Natsu no Saigo no Hi~ 08 vostfr.mkv,https://asset.seekstreaming.info/vpK0LePv5cYIS71aDxslHg/6hf/wybszwqs/s5aou3/poster.png,800x600,https://le-malicieux.embedseek.com/#jhlqn&dl=1,https://le-malicieux.embedseek.com/#jhlqn
Sisters ~Natsu no Saigo no Hi~ 07 vostfr.mkv,https://asset.seekstreaming.info/N2exGKdt74O1AiCU-2E3-Q/onm/wybszwqs/pvwdo8/poster.png,800x600,https://le-malicieux.embedseek.com/#hq1gu&dl=1,https://le-malicieux.embedseek.com/#hq1gu
Sisters ~Natsu no Saigo no Hi~ 06 vostfr.mkv,https://asset.seekstreaming.info/Ma3b6EoISNx7lN6hknW5eg/rqz/wybszwqs/thp1zb/poster.png,800x600,https://le-malicieux.embedseek.com/#n9sly&dl=1,https://le-malicieux.embedseek.com/#n9sly
Sisters ~Natsu no Saigo no Hi~ 05 vostfr.mkv,https://asset.seekstreaming.info/-DV7paTxlJN_qBWR9Olj7A/k5/wybszwqs/ict9l9/poster.png,800x600,https://le-malicieux.embedseek.com/#hq1gs&dl=1,https://le-malicieux.embedseek.com/#hq1gs
Sisters ~Natsu no Saigo no Hi~ 04 vostfr.mkv,https://asset.seekstreaming.info/GgLRawxkWdWdiv7T1a5wug/k5/wybszwqs/brjeim/poster.png,800x600,https://le-malicieux.embedseek.com/#1ba5v&dl=1,https://le-malicieux.embedseek.com/#1ba5v
Sisters ~Natsu no Saigo no Hi~ 03 vostfr.mkv,https://asset.seekstreaming.info/wt4pmopqerqnJhUY3YQNRQ/6hf/wybszwqs/5slfzc/poster.png,800x600,https://le-malicieux.embedseek.com/#ifnpl&dl=1,https://le-malicieux.embedseek.com/#ifnpl
Sisters ~Natsu no Saigo no Hi~ 02 vostfr.mkv,https://asset.seekstreaming.info/_wUrKGhHi0Wlzm7wV1B3WA/s93/wybszwqs/mj8sef/poster.png,800x600,https://le-malicieux.embedseek.com/#8ngur&dl=1,https://le-malicieux.embedseek.com/#8ngur
Sisters ~Natsu no Saigo no Hi~ 01 vostfr.mkv,https://asset.seekstreaming.info/kBGNzJS6I05z4qvpaDc0aQ/hld/wybszwqs/nxgtcp/poster.png,800x600,https://le-malicieux.embedseek.com/#v6tlg&dl=1,https://le-malicieux.embedseek.com/#v6tlg
Shion bonus 01 vostfr.mkv,https://asset.seekstreaming.info/yr0zhr2gSH8c-oAOKmuPIQ/c5u/wybszwqs/xnqhiq/poster.png,1920x1080,https://le-malicieux.embedseek.com/#p3kfs&dl=1,https://le-malicieux.embedseek.com/#p3kfs
Shion - 04 vostfr [hstream.moe].mkv,https://asset.seekstreaming.info/5huBEk464n-yRXXX-b28Mw/il/wybszwqs/dyxcqb/poster.png,1920x1080,https://le-malicieux.embedseek.com/#a8qwl&dl=1,https://le-malicieux.embedseek.com/#a8qwl
Shion - 03 vostfr [hstream.moe].mkv,https://asset.seekstreaming.info/WZZ3A60xKZ7-0HWzZ3DAJg/rqz/wybszwqs/vp9y1z/poster.png,1920x1080,https://le-malicieux.embedseek.com/#9ldvk&dl=1,https://le-malicieux.embedseek.com/#9ldvk
Shion - 02 vostfr [hstream.moe].mkv,https://asset.seekstreaming.info/p7yx4XfRLhRSi4xj3SaxSg/x6b/wybszwqs/ict9s8/poster.png,1920x1080,https://le-malicieux.embedseek.com/#l1m6n&dl=1,https://le-malicieux.embedseek.com/#l1m6n
Shion - 01 vostfr [hstream.moe].mkv,https://asset.seekstreaming.info/ee_oHhwEYq8MlrLwscyjqw/x6b/wybszwqs/ofb8ry/poster.png,1920x1080,https://le-malicieux.embedseek.com/#5ywbw&dl=1,https://le-malicieux.embedseek.com/#5ywbw
Shin_Saishuu_Chikan_Densha_-_02 vostfr.mkv,https://asset.seekstreaming.info/I00e7Xfm1SUcZjh4nwnXzg/k5/wybszwqs/mj8s6p/poster.png,960x720,https://le-malicieux.embedseek.com/#xwoa6&dl=1,https://le-malicieux.embedseek.com/#xwoa6
Shin_Saishuu_Chikan_Densha_-_01 vostfr.mkv,https://asset.seekstreaming.info/3yz56XzRk36Q3ESVPwS5uw/ic/wybszwqs/mj8hmw/poster.png,960x720,https://le-malicieux.embedseek.com/#wuc88&dl=1,https://le-malicieux.embedseek.com/#wuc88
Shin Saishuu Chikan Densha_ 03 vostfr.mkv,https://asset.seekstreaming.info/RHWDShvBHzZ55xYiAqMdqg/xy/wybszwqs/s5ausj/poster.png,1280x960,https://le-malicieux.embedseek.com/#kve9u&dl=1,https://le-malicieux.embedseek.com/#kve9u
Mune_Kyun!_Heartful_Cafe_02 vostfr.mkv,https://asset.seekstreaming.info/ZlgmsiexJ1KH6Uei8q5Zjg/6hf/wybszwqs/gqcsxb/poster.png,720x480,https://le-malicieux.embedseek.com/#oc5qm&dl=1,https://le-malicieux.embedseek.com/#oc5qm
Mune_Kyun!_Heartful_Cafe 01 vostfr.mkv,https://asset.seekstreaming.info/SqPYJsFHxAsvcLmXtH70Kg/xy/wybszwqs/xnqeyo/poster.png,720x480,https://le-malicieux.embedseek.com/#n9sk1&dl=1,https://le-malicieux.embedseek.com/#n9sk1
Milk Junkie Shimai Hen 04 vostfr.mkv,https://asset.seekstreaming.info/Q4Iq2MkNsOWjBxCNjCMxHA/miy/wybszwqs/mj8hbe/poster.png,1440x1080,https://le-malicieux.embedseek.com/#hq1jh&dl=1,https://le-malicieux.embedseek.com/#hq1jh
Milk Junkie Shimai Hen 03 vostfr.mkv,https://asset.seekstreaming.info/X1CZ4tGWky3cgCvuHRXTEA/miy/wybszwqs/thpzca/poster.png,1440x1080,https://le-malicieux.embedseek.com/#3zvpi&dl=1,https://le-malicieux.embedseek.com/#3zvpi
Milk Junkie Shimai Hen 02 vostfr.mkv,https://asset.seekstreaming.info/Vb1NXwzkSz7teXz4tLuCUw/miy/wybszwqs/gqcsby/poster.png,1440x1080,https://le-malicieux.embedseek.com/#1baln&dl=1,https://le-malicieux.embedseek.com/#1baln
Milk Junkie Shimai Hen 01 vostfr.mkv,https://asset.seekstreaming.info/e9VwT4O0BFCOpDYajLeFvQ/miy/wybszwqs/qgi5rh/poster.png,1440x1080,https://le-malicieux.embedseek.com/#ifnbk&dl=1,https://le-malicieux.embedseek.com/#ifnbk
Ryoujoku no rensa 02 vostfr.mkv,https://asset.seekstreaming.info/wwx2Za4W6-zfTvOF4gcgJg/s93/wybszwqs/xnqefu/poster.png,716x480,https://le-malicieux.embedseek.com/#8ngaq&dl=1,https://le-malicieux.embedseek.com/#8ngaq
Ryoujoku no rensa 01 vostfr.mkv,https://asset.seekstreaming.info/U3w16Y0bMXS4aWTU2eVNuw/5w3/wybszwqs/htvkgh/poster.png,716x480,https://le-malicieux.embedseek.com/#v6tko&dl=1,https://le-malicieux.embedseek.com/#v6tko
Offside Girl 02 VOSTFR.mkv,https://asset.seekstreaming.info/pCJNE1Xh-OvdaQEg1TdeXw/miy/wybszwqs/qgi5de/poster.png,640x480,https://le-malicieux.embedseek.com/#p3kyc&dl=1,https://le-malicieux.embedseek.com/#p3kyc
Offside Girl 01 VOSTFR.mkv,https://asset.seekstreaming.info/9j3eVQ0JjOFVdBCMxygHRg/c5u/wybszwqs/xnqe1k/poster.png,640x480,https://le-malicieux.embedseek.com/#a8qmk&dl=1,https://le-malicieux.embedseek.com/#a8qmk
Kagirohi Shaku Kei - 02 vostfr [hstream.moe].mkv,https://asset.seekstreaming.info/i2RItXlFb2FdVsSMmHuTSQ/c5u/wybszwqs/e359x6/poster.png,1920x1080,https://le-malicieux.embedseek.com/#gsiqs&dl=1,https://le-malicieux.embedseek.com/#gsiqs
Kagirohi Shaku Kei - 01 vostfr [hstream.moe].mkv,https://asset.seekstreaming.info/lc3ytgk2TVrBBRzySmFn2g/il/wybszwqs/pvwo69/poster.png,1920x1080,https://le-malicieux.embedseek.com/#ukrwr&dl=1,https://le-malicieux.embedseek.com/#ukrwr
Manin Densha - 03 vostfr [hstream.moe].mkv,https://asset.seekstreaming.info/cyZ46au9tyBjRVhY-V6JQw/il/wybszwqs/683pf8/poster.png,1920x1080,https://le-malicieux.embedseek.com/#5yw6m&dl=1,https://le-malicieux.embedseek.com/#5yw6m
Manin Densha - 02 vostfr [hstream.moe].mkv,https://asset.seekstreaming.info/xkUafXebjF1-n2l4vJRd1Q/jcp/wybszwqs/htvkxq/poster.png,1920x1080,https://le-malicieux.embedseek.com/#sdfg1&dl=1,https://le-malicieux.embedseek.com/#sdfg1
Manin Densha - 01 vostfr [hstream.moe].mkv,,1920x1080,https://le-malicieux.embedseek.com/#et3rk&dl=1,https://le-malicieux.embedseek.com/#et3rk
Kuro Ai Hitoyozumakan Inkou Rannyuuroku - 02 vostfr [1080p][48fps][hstream.moe].mkv,,1920x1080,https://le-malicieux.embedseek.com/#sdfgm&dl=1,https://le-malicieux.embedseek.com/#sdfgm
Kuro Ai Hitoyozumakan Inkou Rannyuuroku - 01 vostfr [1080p][48fps][hstream.moe].mkv,,1920x1080,https://le-malicieux.embedseek.com/#wucxx&dl=1,https://le-malicieux.embedseek.com/#wucxx
Kangoku Senkan - 04 vostfr [1080p][48fps][hstream.moe].mkv,,1920x1080,https://le-malicieux.embedseek.com/#kveua&dl=1,https://le-malicieux.embedseek.com/#kveua
Kangoku Senkan - 03 vostfr [1080p][48fps][hstream.moe].mkv,,1920x1080,https://le-malicieux.embedseek.com/#bi81w&dl=1,https://le-malicieux.embedseek.com/#bi81w
Kangoku Senkan - 02 vostfr [1080p][48fps][hstream.moe].mkv,,1920x1080,https://le-malicieux.embedseek.com/#65xve&dl=1,https://le-malicieux.embedseek.com/#65xve
Kangoku Senkan - 01 vostfr [1080p][48fps][hstream.moe].mkv,,1920x1080,https://le-malicieux.embedseek.com/#oc5ze&dl=1,https://le-malicieux.embedseek.com/#oc5ze
Gitai Saimin - 02 vostfr [hstream.moe].mkv,,1920x1080,https://le-malicieux.embedseek.com/#hq1p3&dl=1,https://le-malicieux.embedseek.com/#hq1p3
Gitai Saimin - 01 vostfr [hstream.moe].mkv,,1920x1080,https://le-malicieux.embedseek.com/#8ngtz&dl=1,https://le-malicieux.embedseek.com/#8ngtz
Gakuen Chijoku No Zushiki 3 02 vostfr.mkv,https://asset.seekstreaming.info/gqcgRgdLkhsCIXZJc6Ta9A/36/wybszwqs/u1yjyt/poster.png,1920x1080,https://le-malicieux.embedseek.com/#txzgk&dl=1,https://le-malicieux.embedseek.com/#txzgk
Gakuen Chijoku No Zushiki 3 01 vostfr.mkv,https://asset.seekstreaming.info/1gEfY6MiMkaFappsVL0PNg/onm/wybszwqs/s5auvg/poster.png,1920x1080,https://le-malicieux.embedseek.com/#mahrs&dl=1,https://le-malicieux.embedseek.com/#mahrs
Gakuen Chijoku No Zushiki 2 02 vostfr.mkv,,1280x720,https://le-malicieux.embedseek.com/#l1mum&dl=1,https://le-malicieux.embedseek.com/#l1mum
Gakuen Chijoku No Zushiki 2 01 vostfr.mkv,,1280x736,https://le-malicieux.embedseek.com/#5yw9e&dl=1,https://le-malicieux.embedseek.com/#5yw9e
Cleavage - 02 vostfr [hstream.moe].mkv,,1920x1080,https://le-malicieux.embedseek.com/#xwosu&dl=1,https://le-malicieux.embedseek.com/#xwosu
Cleavage - 01 vostfr [hstream.moe].mkv,,1920x1080,https://le-malicieux.embedseek.com/#cryjo&dl=1,https://le-malicieux.embedseek.com/#cryjo
Junjou Shoujo Et Cetera Bonus 02 vostfr.mkv,https://asset.seekstreaming.info/t7bq01BGXe4lpILIyikhXw/mf/wybszwqs/ofbqzk/poster.png,1920x1080,https://le-malicieux.embedseek.com/#kveat&dl=1,https://le-malicieux.embedseek.com/#kveat
Junjou Shoujo Et Cetera bonus 01 vostfr.mkv,https://asset.seekstreaming.info/zUGs4dcZEY4jlMwF2bDHeg/ox/wybszwqs/9w1rvi/poster.png,1920x1080,https://le-malicieux.embedseek.com/#kveas&dl=1,https://le-malicieux.embedseek.com/#kveas
Junjou Shoujo Et Cetera 02 vostfr.mkv,,1920x1080,https://le-malicieux.embedseek.com/#bi8vm&dl=1,https://le-malicieux.embedseek.com/#bi8vm
Junjou Shoujo Et Cetera 01 vostfr.mkv,,1920x1080,https://le-malicieux.embedseek.com/#65xng&dl=1,https://le-malicieux.embedseek.com/#65xng
Itazura The Animation - 02 vostfr.mkv,,1920x1440,https://le-malicieux.embedseek.com/#ifn6s&dl=1,https://le-malicieux.embedseek.com/#ifn6s
Itazura The Animation - 01 vostfr.mkv,,1920x1440,https://le-malicieux.embedseek.com/#oc5yo&dl=1,https://le-malicieux.embedseek.com/#oc5yo
Idol Kyousei Sousa 02 vostfr.mkv,,1920x1080,https://le-malicieux.embedseek.com/#1ba8m&dl=1,https://le-malicieux.embedseek.com/#1ba8m
Idol Kyousei Sousa 01 vostfr.mkv,,1920x1080,https://le-malicieux.embedseek.com/#ifn9x&dl=1,https://le-malicieux.embedseek.com/#ifn9x
Yakata Kannou kitan - 01 vostfr [1080p][48fps][hstream.moe].mkv,https://asset.seekstreaming.info/VUdxrf4vATUy0M46HAzjSw/6hf/xieomjsc/mnq6lq/poster.png,1920x1080,https://le-malicieux.embedseek.com/#sygq3&dl=1,https://le-malicieux.embedseek.com/#sygq3
Yakata Kannou kitan - 02 vostfr [1080p][48fps][hstream.moe].mkv,https://asset.seekstreaming.info/mQD-EdyGQe74ZbmDoKOC4A/6hf/xieomjsc/h35pog/poster.png,1920x1080,https://le-malicieux.embedseek.com/#eircb&dl=1,https://le-malicieux.embedseek.com/#eircb
Niku Mesu R30 Nikuyoku ni Ochita Mesu-tachi 01 vostfr.mkv,https://asset.seekstreaming.info/kEEf2k1_iWAIcZWSpoJBZA/np/xieomjsc/o1fohw/poster.png,1920x1080,https://le-malicieux.embedseek.com/#nc8t5&dl=1,https://le-malicieux.embedseek.com/#nc8t5
Kyou wa Yubiwa wo Hazusu kara...... 01 vostfr.mkv,https://asset.seekstreaming.info/mwy3okz9bCEE_psyIfxfow/bgm/xieomjsc/8g68ee/poster.png,2560x1440,https://le-malicieux.embedseek.com/#iwbnm&dl=1,https://le-malicieux.embedseek.com/#iwbnm
Kyou wa Yubiwa wo Hazusu kara...... 02 vostfr.mkv,https://asset.seekstreaming.info/2GFTlGslGUhleK4NtBNtHQ/9a/xieomjsc/6q863r/poster.png,2560x1440,https://le-malicieux.embedseek.com/#jkflx&dl=1,https://le-malicieux.embedseek.com/#jkflx
Zecchou Rocket - 01 vostfr [hstream.moe].mkv,https://asset.seekstreaming.info/uJ3HQbfM-6spDkjHNgED4Q/luy/lodt9aec/s38dfm/poster.png,1920x1080,https://le-malicieux.embedseek.com/#k6gax&dl=1,https://le-malicieux.embedseek.com/#k6gax
Zecchou Rocket - 02 vostfr [hstream.moe].mkv,https://asset.seekstreaming.info/fUh50cxlsgIHuY2gZltAHw/luy/lodt9aec/ka5qmi/poster.png,1920x1080,https://le-malicieux.embedseek.com/#bfxvu&dl=1,https://le-malicieux.embedseek.com/#bfxvu
Wanna SpartanSex Spermax - 01 vostfr [hstream.moe].mkv,https://asset.seekstreaming.info/0E-OUE6Vef-6vZ21kwFyfA/tab/lodt9aec/5e6yom/poster.png,1920x1080,https://le-malicieux.embedseek.com/#6ydnt&dl=1,https://le-malicieux.embedseek.com/#6ydnt
Wanna SpartanSex Spermax - 02 vostfr [hstream.moe].mkv,https://asset.seekstreaming.info/eANqMiPRNcKFyinQT-JDaw/xy/lodt9aec/6jr9al/poster.png,1920x1080,https://le-malicieux.embedseek.com/#ijw6x&dl=1,https://le-malicieux.embedseek.com/#ijw6x
Netoraserare - 02 vostfr [hstream.moe].mkv,https://asset.seekstreaming.info/OYUqjs9KV2sS5vnFZmq02g/luy/lodt9aec/8mbwpy/poster.png,1920x1080,https://le-malicieux.embedseek.com/#hgvpx&dl=1,https://le-malicieux.embedseek.com/#hgvpx
Netoraserare - 01 vostfr [hstream.moe].mkv,https://asset.seekstreaming.info/c3goK6KcoG2A8SjSav7p7w/rw/lodt9aec/d1w3g9/poster.png,1920x1080,https://le-malicieux.embedseek.com/#orlft&dl=1,https://le-malicieux.embedseek.com/#orlft
Machi Gurumi no Wana: Hakudaku ni Mamireta Shitai - 03 vostfr [hstream.moe].mkv,https://asset.seekstreaming.info/rFmfX9AflM_Ekq4W7Fy7Xg/luy/lodt9aec/s38dzb/poster.png,1920x1080,https://le-malicieux.embedseek.com/#nlcx6&dl=1,https://le-malicieux.embedseek.com/#nlcx6
Machi Gurumi no Wana: Hakudaku ni Mamireta Shitai - 04 vostfr [hstream.moe].mkv,https://asset.seekstreaming.info/BZUuzXZgHVFYZ1-P2DEryg/luy/lodt9aec/ka5qbg/poster.png,1920x1080,https://le-malicieux.embedseek.com/#hgvpq&dl=1,https://le-malicieux.embedseek.com/#hgvpq
Kyouhaku Owaranai Ashita - 03 vostfr [hstream.moe].mkv,https://asset.seekstreaming.info/csNPjk6oxPeIFYGCz_5_dw/mik/lodt9aec/iqnk5y/poster.png,1920x1080,https://le-malicieux.embedseek.com/#5pm9m&dl=1,https://le-malicieux.embedseek.com/#5pm9m
Kyouhaku Owaranai Ashita - 01 vostfr [hstream.moe].mkv,https://asset.seekstreaming.info/VjUVPrLzeOemc6NTaX0R8w/tab/lodt9aec/bokhq9/poster.png,1920x1080,https://le-malicieux.embedseek.com/#v5s8c&dl=1,https://le-malicieux.embedseek.com/#v5s8c
Kyouhaku Owaranai Ashita - 02 vostfr [hstream.moe].mkv,https://asset.seekstreaming.info/KMwptSwuE7u68ILOnE1IwQ/is3/lodt9aec/d1w3xp/poster.png,1920x1080,https://le-malicieux.embedseek.com/#twfg1&dl=1,https://le-malicieux.embedseek.com/#twfg1
Tsumamigui 3 The Animation - s2 01 vostfr [hstream.moe].mkv,https://asset.seekstreaming.info/ptvFhXkDuIIC5ncvoqR5gw/is3/lodt9aec/jbfv5i/poster.png,1920x1080,https://le-malicieux.embedseek.com/#1it8u&dl=1,https://le-malicieux.embedseek.com/#1it8u
Tennen Koi-iro Alcohol - 02 vostfr [1080p][48fps][hstream.moe].mkv,https://asset.seekstreaming.info/5ozyGRpJcBHkwCTyRMILFg/js/lodt9aec/xdushr/poster.png,1920x1080,https://le-malicieux.embedseek.com/#ijw9n&dl=1,https://le-malicieux.embedseek.com/#ijw9n
Tsumamigui s1 02 VOSTFR.mkv,https://asset.seekstreaming.info/JSatUqBzp9fV4uk4c90uOg/ox/lodt9aec/ka5qjc/poster.png,1440x1080,https://le-malicieux.embedseek.com/#5pmue&dl=1,https://le-malicieux.embedseek.com/#5pmue
Tsumamigui s1 01 VOSTFR.mkv,https://asset.seekstreaming.info/RzyqfTyO8ELxLzwkqJI15g/js/lodt9aec/mropss/poster.png,1440x1080,https://le-malicieux.embedseek.com/#v5sxh&dl=1,https://le-malicieux.embedseek.com/#v5sxh
Succubus Connect! - 04 vostfr [hstream.moe].mkv,https://asset.seekstreaming.info/He3nc1okVpbKltezFnjGww/js/lodt9aec/ptcroi/poster.png,1920x1080,https://le-malicieux.embedseek.com/#twfov&dl=1,https://le-malicieux.embedseek.com/#twfov
Soukan Yuugi s2 02 vostfr [hstream.moe].mkv,https://asset.seekstreaming.info/eCbgbwG1IbSI_d9Y3_qzqQ/js/lodt9aec/8mbwvd/poster.png,1920x1080,https://le-malicieux.embedseek.com/#pz8vq&dl=1,https://le-malicieux.embedseek.com/#pz8vq
Soukan Yuugi s1 02 vostfr [hstream.moe].mkv,https://asset.seekstreaming.info/MS-_8CuUXNbGT4Cdxk_56Q/il/lodt9aec/iqnkln/poster.png,1920x1080,https://le-malicieux.embedseek.com/#gd5fr&dl=1,https://le-malicieux.embedseek.com/#gd5fr
Soukan Yuugi s2 01 vostfr [hstream.moe].mkv,https://asset.seekstreaming.info/T6gXOgdqUxdQOrl06x2r2w/us/lodt9aec/mrophh/poster.png,1920x1080,https://le-malicieux.embedseek.com/#91rmw&dl=1,https://le-malicieux.embedseek.com/#91rmw
Shoujo kara Shoujo e... - 02 vostfr [hstream.moe].mkv,https://asset.seekstreaming.info/BXIq4-1-1Z84nJwrDo2RAw/us/lodt9aec/xdusia/poster.png,3840x2160,https://le-malicieux.embedseek.com/#uvqeg&dl=1,https://le-malicieux.embedseek.com/#uvqeg
Soukan Yuugi - 01 vostfr [hstream.moe].mkv,https://asset.seekstreaming.info/CmbXBAWrTi1DZkDz2Qj48Q/us/lodt9aec/9vtjdc/poster.png,1920x1080,https://le-malicieux.embedseek.com/#89osi&dl=1,https://le-malicieux.embedseek.com/#89osi
Sexfriend no Senpai The Animation - 02 vostfr [hstream.moe].mkv,https://asset.seekstreaming.info/OzFDpPvxMwT6BRIJh73iiA/luy/lodt9aec/ptcrkg/poster.png,1920x1080,https://le-malicieux.embedseek.com/#xujck&dl=1,https://le-malicieux.embedseek.com/#xujck
Pretty x Cation The Animation - s2 01 vostfr [hstream.moe].mkv,https://asset.seekstreaming.info/AfNZ05XsyfNxTiQ7wQOKQg/9ow/lodt9aec/mropi5/poster.png,1920x1080,https://le-malicieux.embedseek.com/#smyps&dl=1,https://le-malicieux.embedseek.com/#smyps
Pretty x Cation The Animation - s2 02 vostfr [hstream.moe].mkv,https://asset.seekstreaming.info/fMfOleXIMBBEkYq3ReoM7A/k5/lodt9aec/l53nu5/poster.png,1920x1080,https://le-malicieux.embedseek.com/#wkhqe&dl=1,https://le-malicieux.embedseek.com/#wkhqe
Onna Kyoushi - 03 vostfr [hstream.moe].mkv,https://asset.seekstreaming.info/4gyHVrjUymUJI15-Z6sEkg/vz/lodt9aec/hcqoph/poster.png,1440x1080,https://le-malicieux.embedseek.com/#k6gsr&dl=1,https://le-malicieux.embedseek.com/#k6gsr
Oyome-sama Honey Days 02 vostfr.mkv,https://asset.seekstreaming.info/JUfSkIsvZI_M2nLn5SMiCw/vz/lodt9aec/mrop6t/poster.png,1920x1080,https://le-malicieux.embedseek.com/#6ydmc&dl=1,https://le-malicieux.embedseek.com/#6ydmc
Oyome-sama Honey Days 01 vostfr.mkv,https://asset.seekstreaming.info/NHbYB3qZ7ToHi-kV_8xMxQ/db/lodt9aec/s38dlo/poster.png,1920x1080,https://le-malicieux.embedseek.com/#ijwur&dl=1,https://le-malicieux.embedseek.com/#ijwur
Onna Kyoushi - 02 vostfr [hstream.moe].mkv,https://asset.seekstreaming.info/IGsZJEOu2saEeb5yQY_E5Q/us/lodt9aec/xduhxt/poster.png,1440x1080,https://le-malicieux.embedseek.com/#hgv6r&dl=1,https://le-malicieux.embedseek.com/#hgv6r
Maro no Kanja wa Gatenkei - 02 vostfr [hstream.moe].mkv,https://asset.seekstreaming.info/qGPdT2JErwp_Ihsrb8g39g/us/lodt9aec/rfz3rq/poster.png,1920x1080,https://le-malicieux.embedseek.com/#1itxa&dl=1,https://le-malicieux.embedseek.com/#1itxa
Maro no Kanja wa Gatenkei - 01 vostfr [hstream.moe].mkv,https://asset.seekstreaming.info/u1A0QaFOV5u5jUOosVIIzw/vz/lodt9aec/6jrlg8/poster.png,1920x1080,https://le-malicieux.embedseek.com/#twfjn&dl=1,https://le-malicieux.embedseek.com/#twfjn
Mama Katsu: Midareru Mama-tachi no Himitsu - 04 vostfr [hstream.moe].mkv,https://asset.seekstreaming.info/62s62CPcIV_V-7Ymo6durA/us/lodt9aec/s38ohk/poster.png,1920x1080,https://le-malicieux.embedseek.com/#91rem&dl=1,https://le-malicieux.embedseek.com/#91rem
Mama Katsu: Midareru Mama-tachi no Himitsu - 03 vostfr [hstream.moe].mkv,https://asset.seekstreaming.info/_bslmu01CP4QiO502-gQnQ/mf/lodt9aec/mrosbx/poster.png,1920x1080,https://le-malicieux.embedseek.com/#lbett&dl=1,https://le-malicieux.embedseek.com/#lbett
Konna ni Yasashiku Sareta no 03 vostfr.mkv,https://asset.seekstreaming.info/F_78CcpLFh5R72YFXsf9vw/x68/lodt9aec/iqn9my/poster.png,1920x1080,https://le-malicieux.embedseek.com/#89oc5&dl=1,https://le-malicieux.embedseek.com/#89oc5
Konna ni Yasashiku Sareta no 02 vostfr.mkv,https://asset.seekstreaming.info/G0LdfB5UDsc4TnAFP-sdUg/x68/lodt9aec/uwvqpz/poster.png,1920x1080,https://le-malicieux.embedseek.com/#smybc&dl=1,https://le-malicieux.embedseek.com/#smybc
Sei Yariman Sisters Pakopako Nikki The Animation - 01 vostfr [1080p][48fps][hstream.moe].mkv,https://asset.seekstreaming.info/p_si4ZSmew4hd4xHn2-hyQ/x68/lodt9aec/qxyvdx/poster.png,1920x1080,https://le-malicieux.embedseek.com/#ce163&dl=1,https://le-malicieux.embedseek.com/#ce163
Konna ni Yasashiku Sareta no 01 vostfr.mkv,https://asset.seekstreaming.info/74XABsDp7--x-EKMx05wGQ/x68/lodt9aec/hcqugr/poster.png,1920x1080,https://le-malicieux.embedseek.com/#wkhzg&dl=1,https://le-malicieux.embedseek.com/#wkhzg
Shin Hitou Meguri - 02 vostfr [hstream.moe].mkv,https://asset.seekstreaming.info/OXVILXT245E9K0FMJ_Zmow/x68/lodt9aec/tig1jj/poster.png,1920x1080,https://le-malicieux.embedseek.com/#k6gcr&dl=1,https://le-malicieux.embedseek.com/#k6gcr
Kyonyuu Try! - Tanki Shuuchuu Chichi Momi Lesson - 01 vostfr [1080p][48fps][hstream.moe].mkv,https://asset.seekstreaming.info/3Jga0BqjSfm34GrdXQX3TA/us/lodt9aec/8mbade/poster.png,1920x1080,https://le-malicieux.embedseek.com/#bfxms&dl=1,https://le-malicieux.embedseek.com/#bfxms
ParcMilf 01 VOSTFR.mkv,https://asset.seekstreaming.info/AoNdd8-yucsZYYFcL8yGuA/qu/lodt9aec/uwvqsw/poster.png,1920x1080,https://le-malicieux.embedseek.com/#6ydeh&dl=1,https://le-malicieux.embedseek.com/#6ydeh
Nerawareta Megami Tenshi Angeltia: Mamotta Ningen-tachi ni Uragirarete - 04 vostfr [1080p][48fps][hstream.moe].mkv,https://asset.seekstreaming.info/W4B4GwXNuG-d9IF__NrZZQ/qu/lodt9aec/hcqumd/poster.png,1920x1080,https://le-malicieux.embedseek.com/#ijwaq&dl=1,https://le-malicieux.embedseek.com/#ijwaq
Yakin Byoutou: Mana Kazama - 01 vostfr [hstream.moe].mkv,https://asset.seekstreaming.info/M8OVFm9NwgmfGtu_sPUewQ/qu/lodt9aec/vhiyqo/poster.png,1920x1080,https://le-malicieux.embedseek.com/#nlcqa&dl=1,https://le-malicieux.embedseek.com/#nlcqa
Jokei Kazoku III: Himitsu - 01 VOSTFR [hstream.moe].mkv,https://asset.seekstreaming.info/owzUiJsrNoWnmNCW92V3ig/db/lodt9aec/tig1rr/poster.png,1920x1080,https://le-malicieux.embedseek.com/#1itdt&dl=1,https://le-malicieux.embedseek.com/#1itdt
Gakuen no Ikenie Nagusami Mono to Kashita Kyonyuu Furyou Shoujo - 01 VOSTFR [hstream.moe].mkv,https://asset.seekstreaming.info/Zrs6wifFgxhohpLEo6MiGw/us/lodt9aec/hcquby/poster.png,1920x1080,https://le-malicieux.embedseek.com/#ijwam&dl=1,https://le-malicieux.embedseek.com/#ijwam
Houkago 2 Sayuri 01 VOSTFR.mkv,https://asset.seekstreaming.info/ssNw0RPqx18EJE80jQPQjw/kdv/lodt9aec/hcqubu/poster.png,1920x1080,https://le-malicieux.embedseek.com/#twfpw&dl=1,https://le-malicieux.embedseek.com/#twfpw
Auction Bijo Dorei 01 vostfr.mkv,https://asset.seekstreaming.info/cVUDFrzftSXynKwJfOggcw/js/lodt9aec/6jrlz5/poster.png,1440x1080,https://le-malicieux.embedseek.com/#gd51z&dl=1,https://le-malicieux.embedseek.com/#gd51z
Mahou Touki Lilustear - 04 vostfr [hstream.moe].mkv,https://asset.seekstreaming.info/iLH_G7mkg0QRnzM98qOSnw/np/lodt9aec/e8jkjr/poster.png,1920x1080,https://le-malicieux.embedseek.com/#xuj5r&dl=1,https://le-malicieux.embedseek.com/#xuj5r
Mahou Touki Lilustear - 03 vostfr [hstream.moe].mkv,https://asset.seekstreaming.info/L2eUF_b3fjSUGIdoNc4ubw/np/lodt9aec/hcqujn/poster.png,1920x1080,https://le-malicieux.embedseek.com/#smy93&dl=1,https://le-malicieux.embedseek.com/#smy93
Kotowari Kimi no Kokoro no Koboreta Kakera - 02 vostfr [1080p][48fps][hstream.moe].mkv,https://asset.seekstreaming.info/sSKFEWsHXLQd4zhSZftpAQ/il/lodt9aec/d1wcvm/poster.png,1920x1080,https://le-malicieux.embedseek.com/#k6g3z&dl=1,https://le-malicieux.embedseek.com/#k6g3z
Kotowari Kimi no Kokoro no Koboreta Kakera - 01 vostfr [1080p][48fps][hstream.moe].mkv,https://asset.seekstreaming.info/IPVi2EpKKaG43xxP2We8jw/ck/lodt9aec/9vtnqa/poster.png,1920x1080,https://le-malicieux.embedseek.com/#6ydoi&dl=1,https://le-malicieux.embedseek.com/#6ydoi
Eromame - 02 vostfr [hstream.moe].mkv,https://asset.seekstreaming.info/3zb0E0Z4xkb3WTNIeL4F2w/xq/lodt9aec/ka5jqt/poster.png,1920x1080,https://le-malicieux.embedseek.com/#hgvaf&dl=1,https://le-malicieux.embedseek.com/#hgvaf
Hime-sama Gentei! - 02 vostfr [hstream.moe].mkv,https://asset.seekstreaming.info/zAI0Gg9QldYNLSAwv2lDsw/js/lodt9aec/qxyvv9/poster.png,1920x1080,https://le-malicieux.embedseek.com/#3ontw&dl=1,https://le-malicieux.embedseek.com/#3ontw
I Can - 03 vostfr [hstream.moe].mkv,https://asset.seekstreaming.info/Kl9GO2XSshFa--pcGeDEhQ/mf/lodt9aec/8mbavr/poster.png,3840x2160,https://le-malicieux.embedseek.com/#ijwsg&dl=1,https://le-malicieux.embedseek.com/#ijwsg
Maid-san to Boin Damashii The Animation - 02 vostfr [hstream.moe].mkv,https://asset.seekstreaming.info/L4r7XZ8SOphUgWDUz2YswQ/il/lodt9aec/qxyv3s/poster.png,1920x1080,https://le-malicieux.embedseek.com/#v5szl&dl=1,https://le-malicieux.embedseek.com/#v5szl
Maid-san to Boin Damashii The Animation - 01 vostfr [hstream.moe].mkv,https://asset.seekstreaming.info/Jg7Q8A-pCoy-d19Sgn5BLg/m9/lodt9aec/bokemw/poster.png,1920x1080,https://le-malicieux.embedseek.com/#gd5ny&dl=1,https://le-malicieux.embedseek.com/#gd5ny
Amai Ijiwaru - 02 vostfr [hstream.moe].mkv,https://asset.seekstreaming.info/0eckCivH5D6NRkuJOGNDmg/hz/lodt9aec/vhifvc/poster.png,1920x1280,https://le-malicieux.embedseek.com/#lbehh&dl=1,https://le-malicieux.embedseek.com/#lbehh
Amai Ijiwaru - 01 vostfr [hstream.moe].mkv,https://asset.seekstreaming.info/oHikIHWONWb5EwbsEkg0Vw/hld/lodt9aec/mrohy8/poster.png,1920x1280,https://le-malicieux.embedseek.com/#k6gif&dl=1,https://le-malicieux.embedseek.com/#k6gif
Majuu Jouka Shoujo Utea - 04 vostfr [1080p][48fps][hstream.moe].mkv,https://asset.seekstreaming.info/Ru3rJG29nBPX6zwwQ2dYtw/ho/lodt9aec/6jrpyz/poster.png,1920x1080,https://le-malicieux.embedseek.com/#orlm5&dl=1,https://le-malicieux.embedseek.com/#orlm5
Majuu Jouka Shoujo Utea - 03 vostfr [1080p][48fps][hstream.moe].mkv,https://asset.seekstreaming.info/i2Dxx_FST_d8v8iEUVGJxA/ox/lodt9aec/6jrpfw/poster.png,1920x1080,https://le-malicieux.embedseek.com/#89o59&dl=1,https://le-malicieux.embedseek.com/#89o59
Majuu Jouka Shoujo Utea - 02 vostfr [1080p][48fps][hstream.moe].mkv,https://asset.seekstreaming.info/LHirzOZ6ZbQvDjnkhYemXg/x68/lodt9aec/mrohw1/poster.png,1920x1080,https://le-malicieux.embedseek.com/#twf9g&dl=1,https://le-malicieux.embedseek.com/#twf9g
Misuzu Ikenai Koto 01 VOSTFR UNC.mkv,https://asset.seekstreaming.info/Kh4s-CQzrRSBCDl1iStQ1w/hld/lodt9aec/boki5j/poster.png,1920x1080,https://le-malicieux.embedseek.com/#m83vy&dl=1,https://le-malicieux.embedseek.com/#m83vy
Honoo no Haramase Doukyuusei - 02 VOSTFR [hstream.moe].mkv,https://asset.seekstreaming.info/QTyi7YRi28Zpgp-ZGaIKcw/hz/lodt9aec/tigzod/poster.png,1920x1080,https://le-malicieux.embedseek.com/#91rpj&dl=1,https://le-malicieux.embedseek.com/#91rpj
Honoo no Haramase Doukyuusei - 01 VOSTFR [hstream.moe].mkv,https://asset.seekstreaming.info/uZSd3SK9f5BwFp5esZeL7A/js/lodt9aec/hcqkzz/poster.png,1920x1080,https://le-malicieux.embedseek.com/#ce1tk&dl=1,https://le-malicieux.embedseek.com/#ce1tk
JK to Inkou Kyoushi 4 feat. Ero Giin-sensei - 02  VOSTFR [hstream.moe].mkv,https://asset.seekstreaming.info/qbPEjhXqIeOdyUwXBA5-Xg/mf/lodt9aec/6jrptp/poster.png,1920x1080,https://le-malicieux.embedseek.com/#hgvs1&dl=1,https://le-malicieux.embedseek.com/#hgvs1
JK to Inkou Kyoushi 4 feat. Ero Giin-sensei - 01 VOSTFR [hstream.moe].mkv,https://asset.seekstreaming.info/PN84NqekgaGAStiwpkY9RA/mf/lodt9aec/e8j95t/poster.png,1920x1080,https://le-malicieux.embedseek.com/#3once&dl=1,https://le-malicieux.embedseek.com/#3once
Ikusa Otome Suvia - 4 vostfr [hstream.moe].mkv,https://asset.seekstreaming.info/oxzRl5hDaxwC-OQaopRIcQ/np/lodt9aec/iqnl3y/poster.png,1920x1080,https://le-malicieux.embedseek.com/#5pm36&dl=1,https://le-malicieux.embedseek.com/#5pm36
Ikusa Otome Suvia - 3 vostfr [hstream.moe].mkv,https://asset.seekstreaming.info/d75inRdz2S2iebceu50FKA/ck/lodt9aec/bokirl/poster.png,1920x1080,https://le-malicieux.embedseek.com/#gd5mv&dl=1,https://le-malicieux.embedseek.com/#gd5mv
Ikusa Otome Suvia - 2 vostfr [hstream.moe].mkv,https://asset.seekstreaming.info/tNrc0Lqff5xYCtePGx5U_Q/js/lodt9aec/iqnlqn/poster.png,1920x1080,https://le-malicieux.embedseek.com/#cevc8&dl=1,https://le-malicieux.embedseek.com/#cevc8
Ikusa Otome Suvia - 1 vostfr [hstream.moe].mkv,https://asset.seekstreaming.info/S6X1F3fD4pzVdv9mBjhZRw/hz/lodt9aec/ptco3d/poster.png,1920x1080,https://le-malicieux.embedseek.com/#orkok&dl=1,https://le-malicieux.embedseek.com/#orkok
Mesu Kyoushi Injoku no Kyoushitsu - 03 vostfr [hstream.moe].mkv,https://asset.seekstreaming.info/8HZOQEgeERziXlh2mzEBTQ/mf/lodt9aec/5e61f8/poster.png,1920x1080,https://le-malicieux.embedseek.com/#cevhx&dl=1,https://le-malicieux.embedseek.com/#cevhx
Mesu Kyoushi Injoku no Kyoushitsu - 02 vostfr [hstream.moe].mkv,https://asset.seekstreaming.info/4wbc_rybAUx9R4rxl2xffQ/lf/lodt9aec/xdueen/poster.png,1920x1080,https://le-malicieux.embedseek.com/#k6o8n&dl=1,https://le-malicieux.embedseek.com/#k6o8n
Mesu Kyoushi Injoku no Kyoushitsu - 01 vostfr [hstream.moe].mkv,https://asset.seekstreaming.info/_ZWmsGsHggMysOzR3K2fSg/hld/lodt9aec/s38ukj/poster.png,1920x1080,https://le-malicieux.embedseek.com/#bfd6l&dl=1,https://le-malicieux.embedseek.com/#bfd6l
Notto Sexaroid Eurie! - 02 vostfr [hstream.moe].mkv,https://asset.seekstreaming.info/4V0ZiNBlUBKoEfiJSGuRwA/hld/lodt9aec/mroh6v/poster.png,1920x1080,https://le-malicieux.embedseek.com/#hgn3e&dl=1,https://le-malicieux.embedseek.com/#hgn3e
Notto Sexaroid Eurie! - 01 vostfr [hstream.moe].mkv,https://asset.seekstreaming.info/0VF6K_9zup6KlBOQjIWdrQ/tab/lodt9aec/gndhgy/poster.png,1920x1080,https://le-malicieux.embedseek.com/#ijm5b&dl=1,https://le-malicieux.embedseek.com/#ijm5b
Futa-bu! - s2 02 vostfr [hstream.moe].mkv,https://asset.seekstreaming.info/pMRahCHukQnAFOuKyUo3fQ/tab/lodt9aec/uwvnum/poster.png,1920x1080,https://le-malicieux.embedseek.com/#89jxt&dl=1,https://le-malicieux.embedseek.com/#89jxt
Futa-bu! - s2 01 vostfr [hstream.moe].mkv,https://asset.seekstreaming.info/raakHyq1W5Vc517WNeH3cA/tab/lodt9aec/cgxv8i/poster.png,1920x1080,https://le-malicieux.embedseek.com/#pzxbm&dl=1,https://le-malicieux.embedseek.com/#pzxbm
Futa-bu! - s1 02 vostfr [hstream.moe].mkv,https://asset.seekstreaming.info/4ycehUA0jAI2m4qe6e9zrQ/pq/lodt9aec/rfz8d8/poster.png,1920x1080,https://le-malicieux.embedseek.com/#m8ien&dl=1,https://le-malicieux.embedseek.com/#m8ien
Futa-bu! - s1 01 vostfr [hstream.moe].mkv,https://asset.seekstreaming.info/wcJoascYHsBVmmZuKYr2_w/pq/lodt9aec/mroeb3/poster.png,1920x1080,https://le-malicieux.embedseek.com/#uvztt&dl=1,https://le-malicieux.embedseek.com/#uvztt
Dearest Blue - 03 vostfr [hstream.moe].mkv,https://asset.seekstreaming.info/Jv5lsBYA0ALiZHnKrS5MCw/xq/lodt9aec/9vtdpj/poster.png,1920x1080,https://le-malicieux.embedseek.com/#89jdz&dl=1,https://le-malicieux.embedseek.com/#89jdz
Ikenai Koto The Animation - 01 vostfr UNC [hstream.moe].mkv,https://asset.seekstreaming.info/ZHdjTnwVbLQ7Lnq-J8LNcg/61/lodt9aec/e8jlmm/poster.png,1920x1080,https://le-malicieux.embedseek.com/#hgniw&dl=1,https://le-malicieux.embedseek.com/#hgniw